Format,[0.25 µg/mL],[1.0 µg/mL],Total
Format 1,16.25,8.5,24.75
Format 2,17.375,8.666666666666666,26.041666666666668
Format 3,17.125,8.333333333333334,25.458333333333336
Format 4,14.75,11.666666666666666,26.416666666666675
Format 5,13.0,11.500000000000002,24.50000000000001
Format 6,16.25,5.5,21.750000000000004
