# Components,4 Components,5 Components,6 Components,7 Components,8 Components,9 Components,10 Components
Scores,-6681.079788135059,-6777.644492112779,-7015.677003730605,-6962.850049602826,-7199.362148050308,-7516.222861199625,-7452.5425015773835
