Components,4 Components,5 Components,6 Components,7 Components,8 Components,9 Components,10 Components
Scores,-380.4468957714005,-856.0936171789044,-672.3426085716064,-540.0979977684476,-684.1280872771313,-568.3351374009403,-297.23740172383714
