Components,4 Components,5 Components,6 Components,7 Components,8 Components,9 Components,10 Components
Scores,-741.9778764898851,-598.1411141733295,-720.1150937096065,-698.4010489558316,-636.6901161275482,-537.0035788345017,-396.2648443340304
