Components,4 Components,5 Components,6 Components,7 Components,8 Components,9 Components,10 Components
Scores,-794.9906742829955,-766.0800083272197,-692.2592138605223,-838.0841546732345,-660.4504975872364,-574.9401092817288,-433.50304088707117
