Components,4 Components,5 Components,6 Components,7 Components,8 Components,9 Components,10 Components
Scores,-741.9778764898724,-598.1411141733099,-720.1150937096397,-698.4010489558348,-636.6901161275646,-537.0035788345012,-396.26484433401583
